repeats,set,accuracy,precision,recall,f1,roc_auc,pr_auc
0,test,0.6063829787234043,0.5737704918032787,0.7608695652173914,0.6542056074766355,0.6096014492753623,0.7258306668082073
1,test,0.5106382978723404,0.5,0.1956521739130435,0.28125,0.5040760869565217,0.5446345975948196
2,test,0.5638297872340425,0.5362318840579711,0.8043478260869565,0.6434782608695652,0.568840579710145,0.7181621954979958
3,test,0.5531914893617021,0.5357142857142857,0.6521739130434783,0.5882352941176471,0.5552536231884058,0.6790504823576053
